prompt,chosen,rejected
Explain why the sky looks blue.,"Answer: The sky appears blue because molecules in the atmosphere scatter shorter wavelengths of sunlight more efficiently than longer ones. Confidence: high Reasoning: Rayleigh scattering affects blue light more strongly, making it dominant in the sky.","The sky looks blue due to Rayleigh scattering, which causes shorter wavelengths to spread more than other colors."
How does photosynthesis work in plants?,"Answer: Photosynthesis uses light, water, and carbon dioxide to produce glucose and oxygen in chloroplasts. Confidence: high Reasoning: These steps follow the established light dependent and Calvin cycle processes.","Photosynthesis is the way plants turn light, carbon dioxide, and water into food and oxygen."
What is the capital city of Japan?,Answer: Tokyo is the capital city of Japan. Confidence: high Reasoning: It has been the official capital for more than a century.,Tokyo is the capital city of Japan.
Describe the function of the human heart.,Answer: The heart pumps oxygenated and deoxygenated blood through the body to support cellular activity. Confidence: high Reasoning: Its chambers and valves coordinate to maintain circulation.,The heart moves blood throughout the body by contracting rhythmically.
Why do objects fall toward Earth?,"Answer: Objects fall because gravity pulls masses toward each other, with Earth exerting a strong attractive force. Confidence: high Reasoning: Newtonian gravity accurately explains this interaction.",Objects fall since gravity pulls them down toward Earth.
What is a prime number?,Answer: A prime number is an integer greater than one that has no positive divisors other than one and itself. Confidence: high Reasoning: This is the standard definition in elementary number theory.,A prime number is a number that can only be divided evenly by one and itself.
Explain the water cycle.,"Answer: The water cycle involves evaporation, condensation, precipitation, and collection as water moves through Earth systems. Confidence: medium Reasoning: This model describes the major transitions of water states.","The water cycle is the continuous movement of water through evaporation, condensation, and precipitation."
How do vaccines help protect people?,Answer: Vaccines stimulate the immune system to recognize specific pathogens so the body can respond quickly if exposed. Confidence: high Reasoning: This reflects how immune memory is formed without causing illness.,Vaccines work by training the immune system to identify harmful microbes so it can react faster in the future.
What causes the seasons on Earth?,"Answer: Seasons occur because Earth's axial tilt changes the angle of sunlight as the planet orbits the Sun. Confidence: high Reasoning: Tilt, not distance, governs seasonal variation.",The seasons happen because Earth is tilted and gets different sunlight throughout the year.
Define an algorithm in computer science.,Answer: An algorithm is a step by step procedure for solving a problem or performing a computation. Confidence: high Reasoning: This definition matches standard computing terminology.,An algorithm is a set of instructions that help solve a problem.
Explain the role of mitochondria.,"Answer: Mitochondria generate ATP through cellular respiration, supplying usable energy to the cell. Confidence: high Reasoning: They are known as power producing organelles.",Mitochondria are organelles that make energy for the cell.
How does a rainbow form?,"Answer: Rainbows form when sunlight is refracted, reflected, and dispersed by water droplets, separating light into colors. Confidence: high Reasoning: These optical processes explain the color spectrum.","A rainbow forms when sunlight bends and reflects inside raindrops, splitting into colors."
Why do tides occur?,Answer: Tides result from gravitational forces exerted by the Moon and Sun combined with Earth's rotation. Confidence: high Reasoning: These interactions cause periodic ocean level changes.,Tides occur because the Moon pulls on Earth's oceans and the water rises and falls.
What is the purpose of a thesis statement?,Answer: A thesis statement presents the central argument or idea of an essay and guides the direction of the writing. Confidence: high Reasoning: It acts as a roadmap for readers.,A thesis statement tells the main idea of an essay and sets up what the writer will discuss.
Explain what a cell membrane does.,Answer: The cell membrane regulates what enters and leaves the cell and supports communication with the environment. Confidence: medium Reasoning: Its selective permeability is essential for homeostasis.,The cell membrane controls movement of substances in and out of the cell.
How do computers represent data?,Answer: Computers encode data using binary digits that represent two electrical states. Confidence: high Reasoning: All higher abstractions rely on this binary system.,Computers use binary numbers to represent information.
What causes wind to form?,Answer: Wind forms due to differences in air pressure created by uneven heating of Earth's surface. Confidence: medium Reasoning: Pressure gradients drive air movement.,Wind happens because warm air rises and cooler air moves in to replace it.
Explain the Pythagorean theorem.,Answer: The Pythagorean theorem states that in a right triangle the square of the hypotenuse equals the sum of the squares of the legs. Confidence: high Reasoning: This is a fundamental geometric relationship.,The Pythagorean theorem says a^2 + b^2 = c^2 for right triangles.
Why is recycling important?,"Answer: Recycling reduces waste, conserves natural resources, and lowers environmental pollution. Confidence: medium Reasoning: These benefits support sustainable practices.","Recycling helps reduce trash, saves resources, and protects the environment."
Define a continent.,Answer: A continent is a large continuous landmass distinguished by geography and cultural regions. Confidence: medium Reasoning: This aligns with common geographic classification.,A continent is one of Earth's major landmasses like Africa or Asia.
How do muscles move bones?,"Answer: Muscles contract to pull on tendons that attach to bones, producing movement at joints. Confidence: high Reasoning: This mechanism explains voluntary motion.",Muscles move bones by contracting and pulling on them.
What is the role of DNA?,"Answer: DNA stores genetic information that guides development, function, and reproduction. Confidence: high Reasoning: Genes encoded in DNA influence traits and cellular processes.",DNA holds genetic instructions for building and operating living organisms.
Explain how email works.,Answer: Email systems send messages using servers that route data based on protocols like SMTP and IMAP. Confidence: medium Reasoning: These protocols support transmission and retrieval.,Email works by sending messages through servers that transfer data between computers.
Why is exercise beneficial?,"Answer: Exercise improves cardiovascular health, strengthens muscles, and supports mental well being. Confidence: medium Reasoning: Many studies show these broad benefits.","Exercise helps you stay healthy, build strength, and feel better mentally."
Define inertia.,Answer: Inertia is the tendency of an object to resist changes to its state of motion. Confidence: high Reasoning: It is a key concept in Newtonian physics.,Inertia means an object keeps doing what it is doing unless something changes it.
How do search engines find information?,Answer: Search engines use crawlers to index pages and algorithms to rank results based on relevance. Confidence: medium Reasoning: Ranking and indexing are core functions.,Search engines crawl websites and then show results they think match your query.
What makes metal a good conductor?,Answer: Metals conduct electricity well because their electrons can move freely between atoms. Confidence: high Reasoning: This electron mobility enables current flow.,Metal conducts electricity easily because it has free moving electrons.
Explain how antibiotics work.,Answer: Antibiotics inhibit or kill bacteria by targeting essential cellular processes. Confidence: medium Reasoning: They act on structures bacteria rely on to survive.,Antibiotics stop bacterial growth or destroy bacteria to help clear infections.
Why is reading comprehension important?,Answer: Reading comprehension allows individuals to interpret information correctly and apply it effectively. Confidence: medium Reasoning: Understanding text is essential for learning.,Comprehension matters because it helps you understand what you read and use the information.
How does gravity keep planets in orbit?,"Answer: Gravity provides the centripetal force that pulls planets toward the Sun, balancing their motion. Confidence: high Reasoning: Orbital mechanics rely on this force balance.",Planets stay in orbit because gravity keeps pulling them toward the Sun as they move forward.
Explain the function of blood vessels.,"Answer: Blood vessels transport blood throughout the body, delivering oxygen and nutrients while removing waste. Confidence: high Reasoning: The network includes arteries, veins, and capillaries.",Blood vessels carry blood all around the body to supply cells and remove waste.
Define a variable in math.,Answer: A variable is a symbol that represents a number that can change or is unknown. Confidence: high Reasoning: Variables allow generalization of mathematical relationships.,A variable is a letter used to stand for a number.
How do plants absorb water?,Answer: Roots take up water through osmosis and transport it upward via xylem tissues. Confidence: medium Reasoning: This explains water movement in vascular plants.,Plants take in water through their roots and move it upward.
Why do eclipses occur?,"Answer: Eclipses happen when one celestial body blocks the light from another, such as the Moon or Earth aligning with the Sun. Confidence: high Reasoning: These alignments create shadows.","Eclipses occur when the Sun, Earth, and Moon line up in a way that blocks light."
Explain the role of a database index.,Answer: A database index accelerates data retrieval by organizing key values for quick lookup. Confidence: medium Reasoning: Indexes reduce search time in large tables.,A database index helps the system find information faster.
How does sound travel?,Answer: Sound travels as mechanical waves through vibration of particles in a medium like air or water. Confidence: high Reasoning: Particle interactions propagate the wave.,Sound moves by vibrations passing through air or other materials.
What is the difference between weather and climate?,"Answer: Weather describes short term atmospheric conditions, while climate reflects long term patterns. Confidence: high Reasoning: Timescale distinguishes the concepts.",Weather is short term conditions and climate is long term trends.
Define a hypothesis.,Answer: A hypothesis is a testable explanation or prediction based on existing knowledge. Confidence: medium Reasoning: It guides scientific experiments.,A hypothesis is an idea you can test in an experiment.
Why is teamwork valuable?,Answer: Teamwork combines different skills and perspectives to achieve goals more effectively. Confidence: medium Reasoning: Collaboration increases productivity and problem solving.,Teamwork helps people get more done by combining their strengths.
Explain what a paragraph should include.,"Answer: A paragraph should have a main idea, supporting details, and clear organization. Confidence: medium Reasoning: These elements create coherence.",A paragraph has a topic sentence and details that support it.
How does a compass work?,"Answer: A compass aligns with Earth's magnetic field, allowing the needle to indicate magnetic north. Confidence: high Reasoning: Magnetized needles respond to field lines.",A compass needle points toward Earth's magnetic north.
Why do we need sleep?,"Answer: Sleep supports cognitive function, physical recovery, and hormonal regulation. Confidence: medium Reasoning: Research shows sleep is essential for health.",We need sleep to help the mind and body recover and function properly.
Define a polygon.,"Answer: A polygon is a closed, two dimensional shape with straight sides. Confidence: high Reasoning: This matches the geometric definition.",A polygon is a flat shape made of straight lines.
Explain how recycling paper helps forests.,Answer: Recycling paper reduces demand for new wood and decreases deforestation pressure. Confidence: medium Reasoning: Less harvesting preserves forest ecosystems.,Recycling paper means fewer trees need to be cut down.
How does a thermometer measure temperature?,"Answer: Thermometers measure temperature through physical changes in materials, such as liquid expansion or sensor resistance changes. Confidence: medium Reasoning: These changes correlate with heat levels.",A thermometer shows temperature based on how its material reacts to heat.
Why do some objects float in water?,"Answer: Objects float when their average density is lower than water, allowing buoyant forces to overcome gravity. Confidence: medium Reasoning: Buoyancy explains floatation.",Objects float if they are less dense than water.
Define metabolism.,Answer: Metabolism includes all chemical reactions that provide energy and build cellular structures. Confidence: medium Reasoning: It covers both catabolic and anabolic pathways.,Metabolism is the set of processes that help the body use energy.
How does an electrical circuit work?,Answer: A circuit functions when electrons flow through conductive paths powered by a voltage source. Confidence: high Reasoning: This describes basic current flow.,A circuit works by letting electricity move through wires from a power source.
Explain the greenhouse effect.,"Answer: The greenhouse effect occurs when gases trap heat in the atmosphere, regulating Earth's temperature. Confidence: medium Reasoning: This natural process supports livable conditions.",The greenhouse effect is when certain gases hold heat in the atmosphere.
Why is learning math useful?,"Answer: Math builds problem solving skills and supports fields like science, finance, and technology. Confidence: medium Reasoning: Its applications span daily life and careers.",Math is useful because it helps with problem solving and many jobs use it.
Define evaporation.,Answer: Evaporation is the process where liquid molecules gain enough energy to become vapor. Confidence: high Reasoning: Energy absorption drives this phase change.,Evaporation is when a liquid slowly turns into gas.
How does the immune system detect pathogens?,Answer: Immune cells recognize pathogens through molecular markers that trigger defensive responses. Confidence: medium Reasoning: Surface antigens activate immune pathways.,The immune system spots harmful microbes by detecting unusual molecules on them.
Explain what a budget is.,Answer: A budget is a plan that tracks income and expenses to help manage financial decisions. Confidence: high Reasoning: It supports resource allocation.,A budget is a spending plan that shows what you earn and spend.
Why do shadows form?,"Answer: Shadows appear when an object blocks light, preventing rays from reaching the area behind it. Confidence: high Reasoning: Light travels in straight lines, creating distinct shadow regions.",Shadows happen because something blocks the light from reaching the ground.
Define a comparative essay.,Answer: A comparative essay analyzes similarities and differences between two subjects using organized arguments. Confidence: medium Reasoning: Comparison requires clear structure.,A comparative essay looks at how two things are alike and different.
How do bees help plants reproduce?,"Answer: Bees transfer pollen between flowers, enabling fertilization and seed formation. Confidence: high Reasoning: Pollination is essential for many plant species.",Bees pollinate flowers by carrying pollen from one blossom to another.
Explain the purpose of a circuit breaker.,Answer: A circuit breaker interrupts electrical flow when current becomes excessive to prevent damage and fire. Confidence: high Reasoning: It protects wiring and devices.,A circuit breaker stops electricity if there is too much current.
Why does metal feel cold to the touch?,Answer: Metal feels cold because it conducts heat away from the skin more quickly than other materials. Confidence: high Reasoning: Conductivity influences thermal sensation.,Metal feels cold because it takes heat from your hand fast.
Define a habitat.,"Answer: A habitat is the natural environment where an organism lives and obtains resources for survival. Confidence: medium Reasoning: It includes food, shelter, and space.",A habitat is the place where a plant or animal lives.
Explain the purpose of file compression.,Answer: File compression reduces data size by encoding information more efficiently. Confidence: medium Reasoning: It saves storage and speeds transfers.,File compression makes files smaller so they take up less space.
How do seeds germinate?,Answer: Seeds germinate when water activates enzymes that start growth of the embryonic plant. Confidence: medium Reasoning: Moisture triggers metabolic activity.,Seeds sprout when they get water and start growing.
Why is calcium important for the body?,"Answer: Calcium supports bone structure, muscle contraction, and nerve signaling. Confidence: high Reasoning: These functions rely on calcium ions.",Calcium helps build bones and allows muscles and nerves to work.
Define a fraction.,Answer: A fraction represents a part of a whole using a numerator and denominator. Confidence: high Reasoning: This is the standard mathematical definition.,A fraction shows part of something using two numbers.
Explain how a magnet works.,Answer: A magnet works by aligning magnetic domains so that a magnetic field forms around the material. Confidence: medium Reasoning: This field attracts or repels other magnets.,Magnets work because they have a magnetic field that pulls or pushes objects.
How does a GPS know your location?,Answer: GPS receivers calculate position by measuring timed signals from multiple satellites. Confidence: high Reasoning: Trilateration determines coordinates.,GPS determines location using signals from orbiting satellites.
Why is handwriting practice useful?,"Answer: Handwriting practice improves motor skills, speed, and clarity of communication. Confidence: medium Reasoning: Repetition strengthens coordination.",Practicing handwriting helps you write more clearly and quickly.
Define renewable energy.,"Answer: Renewable energy comes from naturally replenishing sources such as sunlight, wind, or water. Confidence: high Reasoning: These resources regenerate over time.",Renewable energy is power from sources that do not run out quickly like wind or solar.
Explain the difference between a noun and a verb.,"Answer: A noun names a person, place, thing, or idea, while a verb expresses an action or state. Confidence: high Reasoning: This is a core grammatical distinction.",A noun is a naming word and a verb is an action word.
How does a camera capture an image?,Answer: A camera captures images by directing light through a lens onto a sensor that records brightness and color. Confidence: medium Reasoning: Sensor arrays convert light into data.,A camera records pictures by letting light hit a sensor or film.
Why is healthy eating important?,"Answer: Healthy eating provides nutrients needed for energy, growth, and disease prevention. Confidence: medium Reasoning: Balanced diets support long term health.",Eating healthy helps your body work well and prevents illness.
Define a chemical reaction.,Answer: A chemical reaction occurs when substances rearrange atoms to form new products. Confidence: high Reasoning: Bond breaking and formation characterize reactions.,A chemical reaction is when substances change into new ones.
Explain what a programmer does.,"Answer: A programmer designs, writes, and tests code to create software that solves specific problems. Confidence: medium Reasoning: These tasks make up the software development process.",A programmer writes instructions that tell computers what to do.
How do clouds form?,Answer: Clouds form when moist air cools and water vapor condenses around tiny particles. Confidence: medium Reasoning: Condensation at high altitude produces cloud droplets.,Clouds form when water vapor in the air cools and turns into tiny droplets.
Why is empathy important?,"Answer: Empathy helps people understand others' feelings and respond with care, improving relationships. Confidence: medium Reasoning: Emotional awareness supports cooperation.",Empathy matters because it helps you relate to others and be kind.
Define a literature review.,Answer: A literature review summarizes and analyzes existing research to provide context for new work. Confidence: medium Reasoning: It identifies gaps and themes.,A literature review looks at what other researchers have written about a topic.
Explain the purpose of a spreadsheet.,Answer: A spreadsheet organizes data in rows and columns to support calculation and analysis. Confidence: high Reasoning: It helps users manage and compute data efficiently.,A spreadsheet lets you store and calculate information in a table.
How does the Moon affect ocean tides?,"Answer: The Moon's gravity pulls ocean water, creating bulges that form high and low tides. Confidence: high Reasoning: Its gravitational influence is the main factor.",The Moon causes tides because its gravity pulls on Earth's water.
Why do astronauts feel weightless?,Answer: Astronauts feel weightless because they are in continuous free fall while orbiting Earth. Confidence: high Reasoning: Microgravity results from orbital motion.,They feel weightless since they are falling around Earth at the same speed as their spacecraft.
Define a consistent argument.,Answer: A consistent argument uses claims that do not contradict each other and logically support the conclusion. Confidence: medium Reasoning: Logical coherence defines consistency.,A consistent argument is one where all points agree and make sense together.
Explain the purpose of a user interface.,Answer: A user interface enables interaction between humans and software by presenting controls and feedback. Confidence: medium Reasoning: UI design focuses on accessibility and clarity.,"A user interface lets people use programs through buttons, menus, and screens."
How does a plant make oxygen?,Answer: Plants produce oxygen during photosynthesis by splitting water molecules and releasing O2. Confidence: high Reasoning: This occurs in the light dependent reactions.,Plants release oxygen as a byproduct of photosynthesis.
Why is articulation important in speech?,"Answer: Articulation shapes sounds into clear words by coordinating tongue, lips, and breath. Confidence: medium Reasoning: Clarity depends on precise movements.",Articulation helps people speak clearly so others understand them.
Define biodiversity.,"Answer: Biodiversity describes the variety of living species in an ecosystem or on Earth. Confidence: medium Reasoning: It includes genetic, species, and ecosystem diversity.",Biodiversity means the range of different plants and animals in an area.
Explain why earthquakes happen.,Answer: Earthquakes occur when stress builds up along faults and rocks suddenly release energy. Confidence: high Reasoning: Plate movement generates seismic waves.,Earthquakes happen when tectonic plates shift and cause the ground to shake.
How does an ATM verify your identity?,Answer: ATMs validate identity using card data and PINs checked against secure bank records. Confidence: medium Reasoning: Authentication prevents unauthorized access.,ATMs check your card and PIN to confirm you are the account holder.
Why is note taking helpful?,Answer: Note taking improves memory and understanding by organizing information in your own words. Confidence: medium Reasoning: Active engagement aids learning.,Taking notes helps you remember and understand the material better.
Define a data type.,"Answer: A data type specifies the kind of value a variable can hold, such as integer or string. Confidence: high Reasoning: Programming languages rely on clear type rules.",A data type describes what kind of data something stores.
Explain what a constellation is.,Answer: A constellation is a recognized pattern of stars used for navigation and cultural storytelling. Confidence: medium Reasoning: These patterns help map the night sky.,A constellation is a group of stars that form a pattern.
How do birds navigate during migration?,"Answer: Birds navigate using cues from Earth's magnetic field, the Sun, stars, and geographic landmarks. Confidence: medium Reasoning: Multiple sensory systems help guide them.","Birds migrate by following magnetic fields, stars, and other natural signals."
Why is proofreading important?,"Answer: Proofreading catches errors and improves clarity, ensuring communication is accurate. Confidence: medium Reasoning: Correcting mistakes strengthens the message.",Proofreading helps fix mistakes and makes writing clearer.
What is the function of the large intestine?,Answer: The large intestine absorbs water and electrolytes while forming and storing feces. Confidence: medium Reasoning: Its primary role is fluid recovery and waste consolidation.,The large intestine takes water out of digested food and turns it into solid waste.
Explain how solar panels generate electricity.,Answer: Solar panels generate electricity when photons strike semiconductor material and release electrons that form an electrical current. Confidence: high Reasoning: This is the photovoltaic effect.,Solar panels work by turning sunlight into electricity through special materials.
Why is protein important in the diet?,"Answer: Protein supports tissue repair, muscle growth, and enzyme function. Confidence: medium Reasoning: These roles make it essential for health.",Protein helps your body build and repair tissues.
Define the Enlightenment period.,"Answer: The Enlightenment was an intellectual movement promoting reason, science, and individual rights in the seventeenth and eighteenth centuries. Confidence: high Reasoning: These themes shaped modern political and social thought.","The Enlightenment was a time when thinkers focused on reason, science, and human rights."
How do airplanes stay in the air?,Answer: Airplanes stay aloft because their wings create lift when air moves faster over the top surface than the bottom. Confidence: medium Reasoning: Bernoulli effects and angle of attack contribute to lift.,Airplanes fly because their wings create lift as they move through the air.
What is the role of insulin?,Answer: Insulin regulates blood sugar by helping cells absorb glucose for energy or storage. Confidence: high Reasoning: This hormone is central to glucose metabolism.,Insulin controls how much sugar is in your blood by helping cells take in glucose.
Explain how a web browser loads a webpage.,"Answer: A browser sends a request to a server, receives HTML, CSS, and scripts, then renders them into visible content. Confidence: medium Reasoning: This pipeline describes typical loading steps.",A browser gets files from a server and shows them as a webpage.
Why do some materials rust?,Answer: Rust forms when iron reacts with oxygen and moisture to create iron oxides. Confidence: high Reasoning: This is a common oxidation reaction.,Materials rust when iron in them reacts with water and oxygen.
Define a market economy.,Answer: A market economy allocates resources through voluntary exchange and price signals. Confidence: medium Reasoning: Supply and demand guide economic decisions.,A market economy is one where prices and trade are set by buyers and sellers.
How does a router direct network traffic?,Answer: A router forwards data packets based on destination addresses using routing tables. Confidence: medium Reasoning: Packet switching enables efficient transfer.,A router sends data to the correct device using stored address information.
Why is water considered a universal solvent?,"Answer: Water dissolves many substances due to its polarity, which allows it to interact with diverse molecules. Confidence: medium Reasoning: Its chemical structure supports broad solvation.",Water can dissolve many things because it is a polar molecule.
Explain how memory works in computers.,Answer: Computer memory stores data in electronic circuits that retain bits for rapid access. Confidence: medium Reasoning: Physical memory cells encode binary states.,Memory holds information in circuits that store ones and zeros.
What causes volcanoes to erupt?,Answer: Volcanoes erupt when pressure from molten rock and gases inside Earth forces material to the surface. Confidence: medium Reasoning: Magma movement and gas buildup trigger eruptions.,Volcanoes erupt because magma and gases push upward and break through the crust.
Define a metaphor.,Answer: A metaphor is a figure of speech that describes one thing by stating it is another to highlight similarity. Confidence: medium Reasoning: It creates vivid comparisons.,A metaphor is when you say something is something else to show a comparison.
How does a battery supply power?,Answer: A battery provides power by converting stored chemical energy into electrical energy through redox reactions. Confidence: high Reasoning: Electron flow produces usable current.,Batteries create electricity through chemical reactions inside them.
Why are wetlands important?,"Answer: Wetlands filter water, reduce flooding, and support diverse species. Confidence: medium Reasoning: Their ecosystem services protect natural habitats.","Wetlands help clean water, prevent floods, and give animals a home."
Explain what a data structure is.,Answer: A data structure organizes information in a format that enables efficient access and modification. Confidence: high Reasoning: Structures like arrays and trees serve specific needs.,A data structure is a way to store and manage data.
What is the purpose of a respiratory system?,Answer: The respiratory system exchanges oxygen and carbon dioxide to support cellular respiration. Confidence: high Reasoning: Gas exchange is essential for energy production.,It helps the body breathe in oxygen and release carbon dioxide.
How do weather forecasts work?,"Answer: Forecasts use atmospheric data and computer models to predict future conditions. Confidence: medium Reasoning: Models simulate pressure, temperature, and humidity trends.",Weather forecasts use data and models to guess future conditions.
Define an integer.,"Answer: An integer is a whole number that can be positive, negative, or zero. Confidence: high Reasoning: This is the standard set of numbers in arithmetic.",An integer is a number without decimals that can be above or below zero.
Why are forests vital to ecosystems?,"Answer: Forests regulate climate, support biodiversity, and cycle nutrients. Confidence: medium Reasoning: Their complex habitats sustain many species.","Forests give animals shelter, help clean the air, and support nature."
Explain the purpose of version control.,"Answer: Version control tracks changes to files, supports collaboration, and enables rollback to earlier states. Confidence: medium Reasoning: These features help manage software development.",Version control keeps track of file changes and helps teams work together.
How does the circulatory system move blood?,Answer: The system uses the heart to pump blood through vessels that distribute oxygen and nutrients. Confidence: high Reasoning: Coordinated vessel networks maintain flow.,The heart pushes blood through veins and arteries to supply the body.
Define kinetic energy.,Answer: Kinetic energy is the energy an object has because of its motion. Confidence: high Reasoning: Motion directly relates to this energy type.,Kinetic energy is the energy of movement.
Why do people use encryption?,Answer: Encryption protects data by converting information into unreadable form that only authorized parties can decode. Confidence: medium Reasoning: It secures communication and storage.,Encryption scrambles information so only people with the key can read it.
Explain how composting works.,Answer: Composting breaks down organic waste through microbes that convert it into nutrient rich soil material. Confidence: medium Reasoning: Decomposition processes release stable compounds.,Composting happens when microbes break down food scraps and yard waste.
What is the function of nerves?,"Answer: Nerves transmit electrical signals between the brain, spinal cord, and body tissues. Confidence: high Reasoning: These signals coordinate movement and perception.",Nerves carry messages through the body so it can react and move.
How does a keyboard send input to a computer?,Answer: A keyboard detects key presses and sends digital signals through a controller to the computer. Confidence: medium Reasoning: Firmware interprets these signals as characters.,A keyboard senses pressed keys and sends the information to the computer.
Why is the scientific method useful?,Answer: It provides a systematic approach for testing hypotheses and reducing bias. Confidence: high Reasoning: Structured inquiry supports reliable conclusions.,The scientific method helps scientists test ideas in an organized way.
Define a historical primary source.,"Answer: A primary source is an original record from the time being studied, such as letters or photographs. Confidence: high Reasoning: Primary sources provide direct evidence.",A primary source is a document or object created during the time of an event.
Explain how microwaves heat food.,"Answer: Microwaves heat food by causing water molecules to vibrate, producing thermal energy. Confidence: high Reasoning: Molecular motion increases temperature.",Microwaves warm food by making water molecules move faster.
What is a constellation of software services?,Answer: It is a group of interconnected services that work together to deliver a larger application. Confidence: medium Reasoning: Distributed systems often use this approach.,It is a collection of services that cooperate to form an application.
Why are bees essential to agriculture?,"Answer: Bees pollinate many crops, increasing yield and seed production. Confidence: high Reasoning: Pollination supports food systems.",Bees help farms by pollinating plants so they grow better.
Define a quadratic equation.,"Answer: A quadratic equation is a polynomial equation of degree two, often written as ax^2 + bx + c = 0. Confidence: high Reasoning: This classification is standard in algebra.",A quadratic equation is one that has x squared in it.
Explain how a debit card transaction works.,Answer: A debit transaction transfers funds from a checking account through secure networks when a purchase is authorized. Confidence: medium Reasoning: Verification ensures accuracy.,A debit card pays directly from your bank account after checking your balance.
What causes ocean currents?,"Answer: Currents arise from wind patterns, temperature differences, salinity, and Earth's rotation. Confidence: medium Reasoning: These factors create large scale water movement.","Ocean currents form because of wind, temperature, and salt differences."
Why are antibodies important?,Answer: Antibodies bind to pathogens and mark them for destruction by the immune system. Confidence: high Reasoning: They are central to adaptive immunity.,Antibodies help the body find and fight harmful microbes.
Define a genre in literature.,"Answer: A genre is a category of writing characterized by shared style, theme, or structure. Confidence: medium Reasoning: Classifying texts helps analysis.",A genre is a type of writing like mystery or fantasy.
Explain how a clock keeps time.,"Answer: A clock measures time by maintaining consistent oscillations, such as vibrations or electronic pulses. Confidence: medium Reasoning: Regular cycles produce accurate timing.",Clocks keep time by using steady repeating movements or signals.
Why do metals expand when heated?,Answer: Metals expand because increased thermal energy causes atoms to vibrate more and move farther apart. Confidence: high Reasoning: Atomic motion affects material size.,"Heat makes metal atoms move more, causing the material to expand."
Define a SQL query.,Answer: A SQL query is a structured command that retrieves or modifies data stored in a database. Confidence: high Reasoning: SQL enables controlled data access.,A SQL query is a command that asks a database for information.
How do ecosystems maintain balance?,"Answer: Ecosystems balance through interactions among producers, consumers, and decomposers that regulate population and resource use. Confidence: medium Reasoning: These relationships sustain stability.",Ecosystems stay balanced when species and resources interact in stable ways.
What is the function of red blood cells?,Answer: Red blood cells transport oxygen from the lungs to tissues and return carbon dioxide for exhalation. Confidence: high Reasoning: Hemoglobin enables this transfer.,Red blood cells carry oxygen through the body.
Explain how a 3D printer works.,Answer: A 3D printer forms objects layer by layer by depositing or solidifying material according to a digital model. Confidence: medium Reasoning: Additive manufacturing builds shapes progressively.,A 3D printer makes objects by stacking thin layers of material based on a design.
Why do magnets have poles?,Answer: Magnetic poles form because electron spin and alignment create directional magnetic fields. Confidence: medium Reasoning: Field patterns produce north and south regions.,Magnets have poles because their magnetic field has two ends with opposite effects.
Define cultural diffusion.,"Answer: Cultural diffusion is the spread of beliefs, practices, and technologies between societies. Confidence: medium Reasoning: Interaction causes cultural exchange.",It is when ideas or customs move from one culture to another.
Explain the purpose of a firewall.,Answer: A firewall filters network traffic based on security rules to prevent unauthorized access. Confidence: high Reasoning: It protects systems from harmful connections.,A firewall blocks unwanted network traffic and keeps systems safer.
How do plants transport nutrients?,Answer: Plants move nutrients through vascular tissues like xylem and phloem that distribute water and sugars. Confidence: medium Reasoning: These systems maintain internal flow.,Plants use tubes called xylem and phloem to move water and food.
Why is context important in communication?,"Answer: Context helps interpret meaning by providing background, tone, and situational cues. Confidence: medium Reasoning: It clarifies intent.",Context helps people understand what someone really means.
Define mechanical advantage.,Answer: Mechanical advantage is the factor by which a machine multiplies an input force. Confidence: high Reasoning: This concept measures efficiency.,Mechanical advantage shows how much a machine increases your force.
Explain how cloud storage works.,"Answer: Cloud storage saves data on remote servers accessed through the internet, allowing synchronization across devices. Confidence: medium Reasoning: Distributed infrastructure enables access.",Cloud storage keeps files on remote servers so you can reach them online.
How does Earth maintain its temperature balance?,"Answer: Earth balances temperature through energy exchange among the atmosphere, oceans, and surface. Confidence: medium Reasoning: Radiation and heat transfer regulate climate.",Earth stays balanced through the way it absorbs and releases heat.
Why are enzymes important to digestion?,Answer: Enzymes speed chemical breakdown of food into absorbable molecules. Confidence: high Reasoning: Catalysis improves digestive efficiency.,Enzymes help break food into smaller pieces the body can use.
Define a balanced chemical equation.,Answer: A balanced equation shows equal numbers of each type of atom on both sides to satisfy conservation of mass. Confidence: high Reasoning: This is required in chemistry.,A balanced equation has the same amount of each atom on both sides.
Explain how credit scores are calculated.,"Answer: Credit scores use data on payment history, credit utilization, account age, and inquiries to assess financial reliability. Confidence: medium Reasoning: These factors predict repayment behavior.","Credit scores come from how you pay bills, how much credit you use, and other financial info."
How do clouds produce rain?,Answer: Rain forms when cloud droplets combine into larger drops that become heavy enough to fall. Confidence: medium Reasoning: Coalescence and gravity drive precipitation.,Rain happens when water droplets in clouds grow and fall to the ground.
Why is time management important?,"Answer: Time management helps prioritize tasks, reduce stress, and improve productivity. Confidence: medium Reasoning: Organized planning increases effectiveness.",Managing time helps people get tasks done more efficiently.
Define a democracy.,Answer: A democracy is a government system where citizens participate in decision making through voting. Confidence: high Reasoning: It emphasizes representation and civic involvement.,A democracy is a government where people vote to choose leaders.
Explain how a joystick controls movement in games.,Answer: A joystick detects directional movement and converts it into electrical signals interpreted by the game. Confidence: medium Reasoning: Sensors translate motion into commands.,A joystick moves a character or object by sending signals when pushed.
How does the brain process sound?,Answer: Sound waves are converted to nerve impulses in the ear and sent to brain regions that interpret pitch and volume. Confidence: medium Reasoning: The auditory cortex analyzes these signals.,The brain hears sound by receiving signals from the ear and interpreting them.
Why do we use units of measurement?,Answer: Units standardize quantities so that people can communicate values accurately. Confidence: high Reasoning: Consistent measurement enables comparison.,Units of measurement help people talk about size and amounts clearly.
Define academic integrity.,Answer: Academic integrity means completing work honestly and giving proper credit to others. Confidence: high Reasoning: It supports fairness and trust.,Academic integrity is doing your own work and avoiding cheating.
Explain how a pulley reduces effort.,Answer: A pulley changes the direction of force and can distribute weight to make lifting easier. Confidence: medium Reasoning: Mechanical advantage improves efficiency.,A pulley helps lift things by changing the direction of the force.
How do plants sense light direction?,Answer: Plants detect light through photoreceptors that trigger growth toward illumination. Confidence: medium Reasoning: Hormones like auxin guide bending.,Plants grow toward light because they sense brightness and adjust growth.
Why is oxygen essential for many organisms?,Answer: Oxygen enables efficient energy production through aerobic respiration in cells. Confidence: high Reasoning: This process yields significant ATP.,Organisms need oxygen to release energy from food effectively.
Define a census.,Answer: A census is an official count and survey of a population conducted at regular intervals. Confidence: high Reasoning: Governments use it for planning.,A census is when the government counts all the people in a country.
Explain how a thermostat controls temperature.,Answer: A thermostat monitors ambient temperature and activates heating or cooling when values fall outside a set range. Confidence: medium Reasoning: Feedback loops maintain stability.,A thermostat turns heaters or coolers on and off to keep a set temperature.
How do recycling centers sort materials?,"Answer: Recyclables are separated using magnets, optical scanners, airflow, and manual sorting. Confidence: medium Reasoning: Different methods handle various materials.",Recycling centers sort items with machines and workers who separate different materials.
Why is water conservation important?,Answer: Conserving water protects limited freshwater supplies and reduces environmental strain. Confidence: medium Reasoning: Sustainable use preserves ecosystems.,Saving water helps ensure we do not run out and keeps the environment healthy.
Define a workflow.,Answer: A workflow is a sequence of steps that completes a process from start to finish. Confidence: medium Reasoning: It organizes tasks for efficiency.,A workflow is a set of steps needed to finish a task.
Explain how a laser works.,Answer: A laser emits coherent light when excited atoms release photons in a controlled cascade. Confidence: medium Reasoning: Stimulated emission produces focused beams.,A laser makes a strong beam of light by exciting atoms to release energy.
How do animals adapt to cold climates?,"Answer: Animals adapt through insulation, metabolic adjustments, and behavioral strategies that conserve heat. Confidence: medium Reasoning: These adaptations enable survival.","Animals survive cold by growing thick fur, storing fat, or changing behavior."
Why is statistical sampling useful?,Answer: Sampling allows researchers to study a portion of a population to draw conclusions efficiently. Confidence: high Reasoning: It reduces cost and time.,Sampling lets researchers look at a smaller group to understand the larger population.
Define a byte.,Answer: A byte is a unit of digital information consisting of eight bits. Confidence: high Reasoning: This is the standard measurement in computing.,A byte is eight bits of computer data.
Explain how bridges distribute weight.,"Answer: Bridges use structural elements like beams, arches, or cables to spread loads across supports. Confidence: medium Reasoning: Load distribution keeps structures stable.",Bridges spread weight across their supports to stay strong.
How does sweating cool the body?,Answer: Sweat cools the body when it evaporates and carries heat away from the skin. Confidence: high Reasoning: Evaporation uses thermal energy.,Sweating cools you because the moisture evaporates and removes heat.
Why are archives important?,Answer: Archives preserve historical documents for research and cultural memory. Confidence: medium Reasoning: They safeguard valuable records.,Archives keep old documents safe so people can study them later.
Why do leaves change color in autumn?,"Answer: Leaves change color because shorter daylight and cooler temperatures reduce chlorophyll production, revealing pigments like carotenoids and anthocyanins.\nConfidence: high\nReasoning: This explanation identifies environmental triggers and pigment behavior.","Leaves change color when the season cools and the green pigment fades, letting other pigments show through. This shift happens as trees prepare for winter."
Explain what a function is in programming.,"Answer: A function is a reusable block of code that performs a specific task, takes input parameters, and may return a value.\nConfidence: high\nReasoning: This matches standard definitions across languages.",A function is a block of organized instructions that run when called and can receive inputs and return results.
How do antibiotics work?,"Answer: Antibiotics interfere with bacterial processes such as cell wall formation or protein synthesis, which either kill bacteria or stop their growth.\nConfidence: high\nReasoning: Describes mechanisms without giving restricted guidance.","They act by disrupting the internal processes of bacteria, causing them to die or stop multiplying."
What causes rainbows?,"Answer: Rainbows form when sunlight refracts, reflects, and disperses inside water droplets, separating light into its component colors.\nConfidence: high\nReasoning: Covers the complete optical process.","Sunlight interacting with raindrops bends and splits the light, which makes the arc of colors we see."
Give a brief summary of the fall of the Roman Empire.,"Answer: The fall resulted from a mix of economic troubles, political instability, military pressures from outside groups, and internal fragmentation that weakened Rome.\nConfidence: medium\nReasoning: Captures major historical factors without over-detail.","Rome declined due to internal problems and continued pressure from invading groups, eventually dissolving in the west."
How does the water cycle work?,"Answer: Water evaporates, condenses into clouds, forms precipitation, and eventually returns to bodies of water, continuing the cycle.\nConfidence: high\nReasoning: Standard scientific sequence presented clearly.","Water moves between evaporation, condensation, and precipitation as part of a repeating natural system."
Why do we sleep?,"Answer: Sleep supports memory consolidation, metabolic regulation, physical restoration, and neural housekeeping processes.\nConfidence: medium\nReasoning: Summarizes commonly accepted physiological theories.","Sleep helps the body and brain recover, process memories, and maintain healthy functions."
Explain the concept of supply and demand.,"Answer: Supply reflects how much of a good is available, while demand reflects consumer desire; prices adjust based on the relationship between the two.\nConfidence: high\nReasoning: Standard economic principle.",It describes how the price of goods is influenced by how much is available and how much people want to buy.
How does a compass work?,"Answer: A compass needle aligns with Earth’s magnetic field, pointing toward the magnetic poles, allowing navigation.\nConfidence: high\nReasoning: Accurate basic mechanism.",It uses Earth’s magnetism so the needle lines up with the field and shows direction.
Why is exercise beneficial?,"Answer: Exercise improves cardiovascular health, strengthens muscles, enhances mood, and supports metabolic and cognitive function.\nConfidence: high\nReasoning: Covers multiple validated benefits.","Physical activity promotes better heart health, stronger muscles, and improved mental well-being."
Why do some objects float while others sink?,"Answer: Objects float when their average density is lower than the fluid they are placed in, causing an upward buoyant force greater than their weight.\nConfidence: high\nReasoning: This reflects Archimedes' principle accurately.","Objects float if they are less dense than the liquid, and they sink if they are heavier for their size."
How do plants get energy?,"Answer: Plants capture sunlight through photosynthesis, using chlorophyll to convert light, carbon dioxide, and water into glucose and oxygen.\nConfidence: high\nReasoning: States the full process clearly.",Plants use sunlight to make food from air and water through photosynthesis.
Why do clouds form?,"Answer: Clouds form when water vapor cools and condenses onto tiny particles in the atmosphere, creating visible droplets or ice crystals.\nConfidence: medium\nReasoning: Covers both condensation and particle involvement.",Clouds appear when water vapor in the air cools and turns into tiny droplets.
What is the purpose of blood circulation?,"Answer: It transports oxygen, nutrients, hormones, and waste products throughout the body to maintain healthy organ function.\nConfidence: high\nReasoning: Summarizes the essential functions.",Circulation moves needed substances around the body and carries away waste.
Explain natural selection.,"Answer: Natural selection is the process where organisms with advantageous traits survive and reproduce at higher rates, gradually shifting traits in a population.\nConfidence: medium\nReasoning: Provides a concise and standard definition.",It is when organisms better suited to their environment tend to survive and leave more offspring.
How does a microwave heat food?,"Answer: Microwaves cause water molecules in food to vibrate rapidly, generating heat through molecular motion and warming the food.\nConfidence: high\nReasoning: Describes the electromagnetic mechanism accurately.","A microwave makes water molecules move faster, which heats the food."
What causes ocean tides?,"Answer: Tides result from the gravitational pull of the moon and sun combined with Earth's rotation, creating regular rises and falls in sea levels.\nConfidence: high\nReasoning: Includes both gravitational and rotational effects.",The moon’s pull mainly causes the water to rise and fall along coastlines.
Explain what a variable is in mathematics.,Answer: A variable is a symbol that represents an unknown or changeable value used to express relationships or solve equations.\nConfidence: high\nReasoning: Matches standard math definitions.,A variable is a letter or symbol that stands for a number that can change.
What is the greenhouse effect?,"Answer: It is the process where atmospheric gases trap heat from the sun, warming Earth's surface and maintaining stable temperatures.\nConfidence: medium\nReasoning: captures the concept without exaggeration.","Some gases in the air hold heat from sunlight, keeping the planet warmer."
Why is reading beneficial for the brain?,"Answer: Reading strengthens neural connections, improves comprehension, increases vocabulary, and supports long-term cognitive health.\nConfidence: medium\nReasoning: Lists evidence-supported cognitive benefits.","Reading helps build knowledge, language skills, and mental focus."
How do vaccines help the immune system?,Answer: Vaccines introduce harmless antigens that train the immune system to recognize and respond quickly to real pathogens.\nConfidence: high\nReasoning: Describes mechanism clearly.,They prepare the immune system by showing it a safe version of something it should learn to fight.
What causes wind?,Answer: Wind forms when air moves from high pressure areas to low pressure areas due to uneven heating of Earth's surface.\nConfidence: high\nReasoning: Identifies pressure gradients and heating differences.,Air movement caused by pressure differences creates wind.
Explain what a galaxy is.,"Answer: A galaxy is a massive system of stars, gas, dust, and dark matter bound together by gravity, often containing billions of stars.\nConfidence: high\nReasoning: Standard astronomical description.",It is a huge collection of stars and other matter held together by gravity.
How do refrigerators stay cold?,Answer: Refrigerators use a closed-loop refrigerant system that absorbs heat inside the compartment and releases it to the outside environment.\nConfidence: high\nReasoning: Explains the cycle without technical depth.,They remove heat from the inside compartment and send it out the back.
Why do we have seasons?,"Answer: Seasons occur because Earth’s axis is tilted, causing different parts of the planet to receive varying sunlight throughout its orbit.\nConfidence: high\nReasoning: explains tilt and sunlight variation.",Earth gets different amounts of sunlight during the year because of its tilt.
What is a prime number?,Answer: A prime number is a natural number greater than one that has no divisors other than one and itself.\nConfidence: high\nReasoning: Matches the formal definition.,It is a number that can only be divided evenly by itself and one.
Explain how Bluetooth works.,Answer: Bluetooth uses short-range radio signals to exchange data between devices by creating a low power wireless connection.\nConfidence: medium\nReasoning: Summarizes the core communication method.,It connects devices wirelessly over short distances using radio waves.
How does rust form?,"Answer: Rust forms when iron reacts with oxygen and moisture, producing iron oxide in an oxidation process.\nConfidence: high\nReasoning: Includes necessary reactants and product.",Rust appears when iron is exposed to air and water over time.
Why is the sky blue?,"Answer: Air molecules scatter shorter wavelengths of sunlight more than longer ones, making blue light more visible from the ground.\nConfidence: high\nReasoning: Summarizes Rayleigh scattering.",The atmosphere scatters blue wavelengths of light more strongly than others.
What is a computer algorithm?,Answer: An algorithm is a step by step set of instructions designed to solve a specific problem or perform a task.\nConfidence: high\nReasoning: Core definition explained plainly.,It is a set of instructions a computer follows to get something done.
Explain what vitamins do.,"Answer: Vitamins support bodily functions such as metabolism, immune strength, cell growth, and nervous system health.\nConfidence: medium\nReasoning: Covers general roles safely.",They help the body carry out many important processes and keep systems working properly.
Why do earthquakes happen?,Answer: Earthquakes occur when stress builds up along tectonic plate boundaries and is released as seismic energy.\nConfidence: high\nReasoning: Accurately describes plate movement.,They happen when parts of Earth's crust suddenly shift and release energy.
How does a thermometer measure temperature?,"Answer: Thermometers track temperature through materials that expand, contract, or change electrical resistance in response to heat.\nConfidence: medium\nReasoning: Covers both traditional and electronic types.",It measures heat by using materials that change when they warm or cool.
What is photosynthesis?,"Answer: Photosynthesis is the process where plants convert sunlight, water, and carbon dioxide into glucose and oxygen using chlorophyll.\nConfidence: high\nReasoning: Standard biological definition.",It is how plants make their food using sunlight and air.
Explain what a database is.,Answer: A database is an organized collection of information stored electronically and optimized for efficient retrieval and management.\nConfidence: high\nReasoning: Reflects modern usage.,It is a system that stores and organizes data for easy access.
What causes lightning?,Answer: Lightning forms when electrical charges build up in clouds and discharge suddenly between clouds or between a cloud and the ground.\nConfidence: medium\nReasoning: Describes charge separation and discharge.,It is a sudden release of electrical energy in the atmosphere.
How do magnets attract objects?,"Answer: Magnets create magnetic fields that exert forces on materials containing iron, nickel, or cobalt, aligning domains within those materials.\nConfidence: medium\nReasoning: Provides field and domain explanation.",Magnets pull on some metals because of the magnetic field they create.
Why do humans need protein?,"Answer: Protein supplies amino acids used to build and repair tissues, support enzymes and hormones, and maintain muscle health.\nConfidence: high\nReasoning: Covers essential roles.","Protein helps the body grow, repair tissues, and maintain healthy muscles."
Explain inflation in economics.,"Answer: Inflation is the sustained increase in general price levels over time, reducing purchasing power as currency buys less.\nConfidence: medium\nReasoning: Key idea expressed clearly.",It happens when prices rise so that money no longer buys as much.
How does a keyboard register key presses?,"Answer: Keyboards use circuits that close when a key is pressed, sending a signal to the computer that identifies the key.\nConfidence: high\nReasoning: Basic mechanism explained simply.","When you press a key, the keyboard sends a signal telling the computer which key was hit."
Why is calcium important?,"Answer: Calcium supports bone structure, muscle contraction, nerve transmission, and normal heart rhythm.\nConfidence: medium\nReasoning: Lists critical functions.",It keeps bones strong and helps muscles and nerves work correctly.
Explain what a continent is.,"Answer: A continent is a large continuous landmass recognized by geographic and cultural conventions, such as Africa or Asia.\nConfidence: high\nReasoning: Standard geography definition.",It is one of the main large land areas on Earth.
How do airplanes stay in the air?,Answer: Airplanes generate lift through airflow over wings shaped to create higher pressure below and lower pressure above.\nConfidence: high\nReasoning: Summarizes Bernoulli principle and lift.,Air flows over the wings in a way that produces upward force.
Why do metals conduct electricity?,Answer: Metals conduct electricity because their atomic structure includes free electrons that move easily through the material.\nConfidence: high\nReasoning: Based on electron mobility.,Metals allow electric charges to flow because they have loose electrons.
Explain what fossils are.,"Answer: Fossils are preserved remains, traces, or imprints of ancient organisms embedded in rock over long periods.\nConfidence: high\nReasoning: Captures key forms of preservation.",They are old remains or marks of plants and animals found in rocks.
How do storms form?,"Answer: Storms form when warm moist air rises, cools, and condenses, releasing energy that fuels unstable atmospheric conditions.\nConfidence: medium\nReasoning: Explains convection and instability.",They begin when warm and cool air masses interact and create unstable weather.
Why is iron important for health?,"Answer: Iron is essential for hemoglobin production, enabling red blood cells to transport oxygen effectively.\nConfidence: high\nReasoning: States the main biological function.",Iron helps the blood carry oxygen through the body.
Explain the purpose of punctuation.,"Answer: Punctuation clarifies meaning, separates ideas, and guides reading rhythm and structure.\nConfidence: high\nReasoning: Identifies key communication roles.",It helps organize sentences and make writing easier to understand.
How do cells get oxygen?,"Answer: Cells receive oxygen through diffusion from the bloodstream, where it is delivered by hemoglobin in red blood cells.\nConfidence: medium\nReasoning: Covers oxygen transport clearly.",Oxygen travels in the blood and moves into cells where it is needed.
Why do stars shine?,"Answer: Stars shine because nuclear fusion in their cores converts hydrogen into helium, releasing large amounts of energy.\nConfidence: high\nReasoning: Scientific mechanism stated correctly.",They emit light because reactions in their cores release energy.
Explain the concept of recycling.,"Answer: Recycling turns used materials into new products by collecting, processing, and repurposing waste.\nConfidence: high\nReasoning: Outlines the general cycle.",It is when old materials are processed so they can be used again.
How do brakes stop a car?,"Answer: Brakes use friction to convert the vehicle's kinetic energy into heat, slowing the rotation of the wheels.\nConfidence: high\nReasoning: Presents the physical process accurately.",They apply friction to reduce the car’s speed.
Why do we yawn?,"Answer: Yawning may help regulate brain temperature and maintain alertness, though the exact cause is still being studied.\nConfidence: low\nReasoning: Reflects uncertainty in scientific understanding.","Yawning likely helps the body stay alert or regulate temperature, though reasons vary."
Explain the purpose of government.,"Answer: Government establishes laws, provides public services, ensures safety, and organizes collective decision making.\nConfidence: medium\nReasoning: Neutral and general description.",It is a system that manages laws and services for a society.
What is an atom?,"Answer: An atom is the smallest unit of matter that retains the properties of an element, made of protons, neutrons, and electrons.\nConfidence: high\nReasoning: Accurate and complete definition.","It is the basic unit of matter, containing a nucleus and electrons."
How do bicycles stay balanced while moving?,"Answer: The forward motion creates angular momentum in the wheels, which stabilizes the bicycle through gyroscopic and steering effects.\nConfidence: medium\nReasoning: Includes main stability contributors.",Movement keeps the bike upright because of how the wheels spin and steer.
Why is sunlight important for humans?,"Answer: Sunlight supports vitamin D production, regulates circadian rhythms, and can improve mood and overall health.\nConfidence: medium\nReasoning: Summarizes safe, known benefits.",Sunlight helps the body produce vitamin D and keeps sleep cycles regular.
Explain the concept of an ecosystem.,Answer: An ecosystem is a community of organisms interacting with each other and their environment through energy flow and nutrient cycles.\nConfidence: high\nReasoning: Describes interactions and components.,It is a group of living things and their surroundings working together.
How does a camera capture images?,"Answer: A camera gathers light through a lens and focuses it onto a sensor, which records the intensity and color of incoming photons.\nConfidence: high\nReasoning: Standard optical explanation.",It uses a lens to collect light and store it as digital information.
What causes sound?,Answer: Sound is produced by vibrating objects that create pressure waves traveling through air or another medium.\nConfidence: high\nReasoning: Classic wave explanation.,Sound comes from vibrations moving through the air.
Why do animals migrate?,"Answer: Animals migrate to access food, suitable breeding grounds, or better climates as seasons and resources change.\nConfidence: medium\nReasoning: Identifies primary motivations.","They move to different places for food, breeding, or better weather."
Explain what symmetry is.,"Answer: Symmetry is a property where one part of an object mirrors another across a line, point, or plane.\nConfidence: high\nReasoning: Matches mathematical and visual definitions.",It means both sides of something match in shape or pattern.
How does a GPS device determine location?,Answer: GPS devices calculate position by measuring timing signals from multiple satellites and using trilateration.\nConfidence: high\nReasoning: Accurately describes the method.,It uses signals from satellites to figure out where you are.
Why is water essential for life?,"Answer: Water supports chemical reactions, transports nutrients, regulates temperature, and maintains cell structure.\nConfidence: high\nReasoning: Lists crucial biological roles.",Living things need water for chemical processes and temperature control.
Explain what a solar panel does.,Answer: A solar panel converts sunlight into electricity by using photovoltaic cells that release electrons when exposed to light.\nConfidence: high\nReasoning: Basic photovoltaic mechanism.,It turns sunlight into usable electrical energy.
How do bees help plants?,"Answer: Bees pollinate plants by transferring pollen as they gather nectar, enabling seed and fruit development.\nConfidence: high\nReasoning: Clear description of pollination.",They move pollen between flowers while collecting nectar.
Why do we use passwords?,Answer: Passwords protect access to personal information and systems by verifying user identity.\nConfidence: high\nReasoning: Summarizes core security purpose.,They keep accounts and data safe from unauthorized access.
Explain kinetic energy.,"Answer: Kinetic energy is the energy an object has due to its motion, calculated using its mass and velocity.\nConfidence: high\nReasoning: Matches standard physics definition.",It is the energy of movement.
How does rain form?,Answer: Rain forms when water droplets in clouds grow large enough through condensation and collision to fall under gravity.\nConfidence: high\nReasoning: Includes droplet growth and gravity.,Water droplets in clouds combine and fall to the ground.
Why are trees important for the environment?,"Answer: Trees absorb carbon dioxide, release oxygen, support ecosystems, improve soil, and regulate climate.\nConfidence: high\nReasoning: Lists major environmental roles.","They clean the air, provide habitats, and help balance the environment."
Explain what a hypothesis is.,Answer: A hypothesis is a testable statement predicting a relationship or outcome that can be evaluated through investigation.\nConfidence: medium\nReasoning: Reflects scientific practice.,It is an idea that can be tested to see if it is correct.
How do birds fly?,"Answer: Birds generate lift by flapping and shaping their wings to control airflow, allowing them to rise and maneuver.\nConfidence: medium\nReasoning: Includes lift and control.",They use their wings to push air and create upward force.
Why do humans need sleep?,"Answer: Sleep supports memory, tissue repair, emotional regulation, and metabolic balance.\nConfidence: medium\nReasoning: Includes recognized benefits.",Sleep helps the body and mind recover each day.
Explain digital storage.,"Answer: Digital storage records information using binary signals stored on devices such as disks, flash memory, or solid state drives.\nConfidence: high\nReasoning: Matches computing concepts.",It keeps data in electronic form so computers can access it.
How does the heart pump blood?,"Answer: The heart contracts rhythmically, pushing blood through chambers and valves that direct its flow to the lungs and rest of the body.\nConfidence: high\nReasoning: Describes major structures and motion.",It beats to move blood through the body.
Why do shadows form?,"Answer: Shadows form when an object blocks light, preventing it from reaching a surface behind the object.\nConfidence: high\nReasoning: Simple optical explanation.",They appear where light is blocked by something.
Explain what a URL is.,Answer: A URL is a standardized address that tells a browser where to find a resource on the internet.\nConfidence: high\nReasoning: Matches web terminology.,It is the web address you type to reach a site.
How does fermentation work?,"Answer: Fermentation is a metabolic process where microorganisms break down sugars in low oxygen conditions, producing energy and byproducts.\nConfidence: medium\nReasoning: Basic biological pathway described.",It happens when microbes convert sugars without much oxygen.
Why do some animals hibernate?,Answer: Animals hibernate to conserve energy during periods of scarce food and cold temperatures by slowing metabolism.\nConfidence: high\nReasoning: Explains purpose and mechanism.,They sleep for long periods to save energy when conditions are harsh.
Explain what longitude measures.,Answer: Longitude measures a location's position east or west of the prime meridian on Earth's surface.\nConfidence: high\nReasoning: Standard geographic definition.,It shows how far east or west a place is on the globe.
How do computers represent images?,"Answer: Computers store images as grids of pixels, each encoded with color values using formats like RGB.\nConfidence: high\nReasoning: Describes common digital representation.",They break pictures into tiny colored squares called pixels.
Why does metal feel cold to the touch?,"Answer: Metal conducts heat quickly, pulling heat from your skin faster than materials with lower conductivity.\nConfidence: high\nReasoning: Ties sensation to heat transfer.",It removes heat from your skin faster than other materials.
Explain chemical reactions.,"Answer: Chemical reactions occur when bonds between atoms break and reform, producing substances with new properties.\nConfidence: medium\nReasoning: Describes structural changes accurately.",They happen when substances interact and form new ones.
How does the moon create tides?,"Answer: The moon’s gravity pulls on Earth's oceans, creating tidal bulges that result in high and low tides.\nConfidence: high\nReasoning: Basic gravitational effect.",The pull of the moon causes water levels to rise and fall.
Why is fiber important in a diet?,"Answer: Fiber supports digestion, regulates blood sugar, and promotes gut health by adding bulk to stool.\nConfidence: medium\nReasoning: Includes major benefits.",It helps digestion and keeps the digestive system healthy.
How can someone stay focused while studying for long periods?,"Answer: Break sessions into shorter intervals, remove nearby digital distractions, and review material actively. Confidence: medium Reasoning: This combination helps maintain attention and reduces cognitive fatigue.","You can stay focused by taking breaks, limiting distractions, and using active study techniques that keep you engaged."
What is the capital of Norway?,Answer: Oslo is the capital of Norway. Confidence: high Reasoning: This fact is consistent across geographic references.,The capital of Norway is Oslo and it is the country's major population center.
Why do some metals rust?,"Answer: Rust occurs due to a reaction between iron, oxygen, and moisture that forms iron oxide. Confidence: high Reasoning: This reaction pathway is well understood in chemistry.","Metals rust because they react with oxygen and water in the environment, forming compounds like iron oxide."
What is a simple way to calculate the area of a triangle?,Answer: Multiply the base by the height and divide the result by two. Confidence: high Reasoning: This is the standard geometric formula for triangle area.,You find the area by taking half of the product of its base and its height.
How do plants use sunlight?,Answer: They convert sunlight into chemical energy through photosynthesis to produce sugars. Confidence: high Reasoning: Photosynthesis is the fundamental energy process for plants.,Plants use sunlight during photosynthesis to make food in the form of sugar.
Why do earthquakes happen?,Answer: They occur when tectonic plates shift and release built-up energy along faults. Confidence: high Reasoning: Plate movement explains most seismic activity.,Earthquakes happen when stress builds up underground and rocks suddenly break or shift.
What is a variable in programming?,Answer: It is a symbolic name that stores a value in memory that can change during program execution. Confidence: high Reasoning: This definition aligns with common programming concepts.,A variable is a named location that holds a value used by the program.
How can I improve a short story?,"Answer: Strengthen character motivations, refine pacing, and clarify emotional stakes throughout the plot. Confidence: medium Reasoning: These adjustments usually create more compelling narratives.","Improve a short story by revising characters, pacing, and clarity of the plot."
What is the purpose of blood pressure?,Answer: It provides the force needed to circulate blood through vessels so tissues receive oxygen and nutrients. Confidence: high Reasoning: Blood pressure is essential for proper perfusion.,Blood pressure is the pressure that moves blood through arteries to supply organs.
Why do seasons change?,"Answer: Seasonal changes occur because Earth tilts on its axis while orbiting the sun, altering sunlight distribution. Confidence: high Reasoning: Axial tilt directly affects daylight intensity and duration.",Seasons change due to Earth's tilt as it moves around the sun.
How is an average calculated?,Answer: Add all values and divide the sum by the number of items in the set. Confidence: high Reasoning: This is the standard arithmetic mean procedure.,You get an average by adding values together and dividing by how many items there are.
How do vaccines work in general?,"Answer: They train the immune system by exposing it to safe versions or components of pathogens, creating memory cells. Confidence: high Reasoning: This mechanism is central to modern immunology.",Vaccines help your immune system recognize germs so it can fight them more effectively later.
Why does boiling water produce bubbles?,Answer: Bubbles form when water molecules gain enough energy to transition into vapor inside the liquid. Confidence: high Reasoning: The phase change explains bubble formation.,Boiling produces bubbles because water turns to steam as it heats.
How can someone practice mindfulness?,"Answer: Begin with quiet breathing, notice sensations without judgment, and gently return focus when distracted. Confidence: medium Reasoning: These steps match common mindfulness approaches.",You can practice mindfulness by focusing on your breathing and observing thoughts calmly.
What causes wind?,Answer: Wind forms when air moves from high pressure areas to low pressure areas due to uneven heating of Earth's surface. Confidence: high Reasoning: Pressure gradients drive air movement.,Wind is created by differences in air pressure caused by temperature variations.
How can I learn a new language faster?,"Answer: Mix daily immersion, spaced repetition vocabulary practice, and consistent speaking with native speakers. Confidence: medium Reasoning: These strategies accelerate proficiency.","Learn faster by practicing every day, studying vocabulary, and speaking with others."
What is the purpose of a database index?,Answer: It speeds up data retrieval by organizing references to rows in a structure optimized for searching. Confidence: high Reasoning: Indexing reduces lookup time in large datasets.,A database index helps queries run faster by improving how data is accessed.
What is a peninsula?,Answer: A landform mostly surrounded by water but still connected to a larger landmass. Confidence: high Reasoning: Standard geographic terminology defines it this way.,A peninsula is a piece of land that sticks out into water and is connected on one side.
Why do astronauts float in space?,"Answer: They experience continuous free fall around Earth, which creates apparent weightlessness. Confidence: high Reasoning: Orbital mechanics explain microgravity conditions.",Astronauts float because they are in free fall while orbiting Earth.
How can someone reduce household energy use?,"Answer: Turn off unused lights, switch to efficient bulbs, insulate rooms, and maintain appliances regularly. Confidence: medium Reasoning: These steps effectively reduce consumption.","You can cut energy use by improving insulation, upgrading bulbs, and turning things off."
What is the main idea behind the scientific method?,"Answer: It is a structured way to test ideas using observations, hypotheses, experiments, and analysis. Confidence: high Reasoning: These components define scientific inquiry.",The scientific method is a process of forming hypotheses and testing them with evidence.
How does a compass work?,"Answer: Its needle aligns with Earth's magnetic field, pointing toward magnetic north. Confidence: high Reasoning: Magnetism governs needle orientation.",A compass works by using a magnetized needle that settles in line with Earth's magnetic field.
Why do some people get carsick?,Answer: Conflicting signals between visual input and inner ear motion detection lead to nausea. Confidence: medium Reasoning: Sensory mismatch is the main cause.,Carsickness happens when your eyes and inner ears sense movement differently.
How can I protect my data online?,"Answer: Use strong unique passwords, enable two factor authentication, and avoid sharing sensitive information on unsecured networks. Confidence: high Reasoning: These practices reduce exposure to common risks.","Protect data by using strong passwords, enabling extra login checks, and being careful on public connections."
What is an ecosystem?,Answer: A system where living organisms interact with each other and with physical surroundings. Confidence: high Reasoning: This aligns with ecological definitions.,An ecosystem is a community of organisms and the environment they live in.
How do clouds form?,Answer: Water vapor condenses onto tiny particles in the air when the temperature falls below the dew point. Confidence: high Reasoning: Condensation drives cloud formation.,Clouds form when water vapor cools and condenses into droplets.
Why do we need sleep?,"Answer: It restores cognitive function, regulates metabolism, and supports memory processing. Confidence: medium Reasoning: Research shows sleep influences many physiological systems.",We need sleep because it helps the brain recover and keeps the body functioning well.
How does encryption protect information?,Answer: It transforms readable data into coded form that only authorized parties can decode with keys. Confidence: high Reasoning: Encryption uses mathematical algorithms to secure data.,Encryption protects information by scrambling it so only someone with the correct key can read it.
Why is exercise beneficial?,"Answer: It strengthens muscles, supports cardiovascular health, and improves mood through biochemical changes. Confidence: high Reasoning: These outcomes are well supported by research.",Exercise is good for you because it helps your body stay strong and boosts your mood.
How can someone set achievable goals?,"Answer: Break them into smaller steps, set realistic timelines, and track progress regularly. Confidence: medium Reasoning: These habits improve follow through.",Set achievable goals by planning smaller tasks and monitoring your progress.
What is a constellation?,"Answer: A recognized pattern of stars used for navigation, storytelling, or scientific mapping. Confidence: high Reasoning: This matches astronomical classification.",A constellation is a group of stars that form a recognizable pattern in the sky.
What is friction?,Answer: A force that resists motion when two surfaces interact. Confidence: high Reasoning: This is a standard physics definition.,Friction is the force that slows objects when they rub together.
Why does metal feel colder than wood?,"Answer: Metal conducts heat away from the skin faster, making it feel colder. Confidence: high Reasoning: Thermal conductivity differences explain the sensation.",Metal feels colder because it pulls heat from your hand more quickly.
How do I convert Celsius to Fahrenheit?,Answer: Multiply the Celsius value by 1.8 and add 32. Confidence: high Reasoning: This formula is widely used for temperature conversion.,"To convert Celsius to Fahrenheit, use the standard formula involving multiplying and adding."
Why is biodiversity important?,"Answer: It stabilizes ecosystems, increases resilience to disturbances, and supports essential resources. Confidence: high Reasoning: Healthy biodiversity enhances ecological balance.",Biodiversity matters because it keeps ecosystems stable and helps them recover from changes.
How does a magnet attract objects?,Answer: Magnetic fields align domains in certain materials and produce attractive forces. Confidence: high Reasoning: Domain alignment drives magnetic interaction.,Magnets attract materials because of the way magnetic fields influence particles inside them.
How can I write a strong thesis statement?,"Answer: Present a clear claim, specify the main point of your argument, and hint at supporting ideas. Confidence: medium Reasoning: These elements create a focused thesis.",A strong thesis gives a clear argument and suggests what the rest of the writing will support.
Why do shadows change position during the day?,"Answer: Earth rotates, altering the angle of sunlight that creates the shadow. Confidence: high Reasoning: Rotation explains the shifting light direction.",Shadows move because the sun's position in the sky changes as Earth spins.
How do white blood cells help the body?,"Answer: They detect and attack pathogens, coordinate immune responses, and help remove harmful material. Confidence: high Reasoning: Their roles are well established in immunology.",White blood cells protect you by fighting germs and helping your immune system respond.
How can someone manage stress?,"Answer: Use breathing exercises, maintain routines, and apply healthy coping habits such as walking or journaling. Confidence: medium Reasoning: These methods reliably reduce stress for many people.",Manage stress by using calming activities like deep breathing or taking short breaks.
What is a prime number?,Answer: A whole number greater than one that has no divisors other than one and itself. Confidence: high Reasoning: This is the formal mathematical definition.,A prime number is a number bigger than one that can only be divided evenly by itself and one.
What is sedimentary rock?,Answer: Rock formed by the compaction and cementation of deposited particles over long periods. Confidence: high Reasoning: This definition fits geological classification.,Sedimentary rock forms from layers of material that are pressed together over time.
Why do people sneeze?,Answer: Sneezing expels irritants from the nasal passages by triggering a reflex action. Confidence: high Reasoning: The sneeze reflex protects the respiratory system.,People sneeze to clear out irritants from their nose.
What is the role of insulin?,Answer: It helps regulate blood sugar by enabling cells to absorb glucose from the bloodstream. Confidence: high Reasoning: This hormone is central to glucose metabolism.,Insulin controls how your body uses sugar by letting cells take it in.
How can I stay organized at work?,"Answer: Use task lists, set priorities each morning, and keep documents sorted in consistent locations. Confidence: medium Reasoning: Structured habits improve orderliness.",Stay organized by planning tasks and keeping your workspace tidy.
What causes tides?,Answer: The gravitational pull of the moon and sun on Earth's oceans produces rising and falling sea levels. Confidence: high Reasoning: Gravity explains the regular tidal cycles.,Tides happen because the moon and sun pull on the oceans.
What is a simple way to improve code readability?,"Answer: Use meaningful variable names, add brief comments, and keep functions focused on single tasks. Confidence: high Reasoning: These practices enhance clarity.",Code becomes easier to read when variable names are clear and functions are small.
What does the immune system do?,"Answer: It detects, neutralizes, and removes pathogens and harmful substances from the body. Confidence: high Reasoning: Immune responses defend against disease.",The immune system protects you by fighting germs and harmful invaders.
What is an atom?,Answer: The smallest unit of matter that retains the properties of an element. Confidence: high Reasoning: Atomic structure defines elemental behavior.,An atom is a tiny particle that makes up all matter.
What is a metaphor?,Answer: A figure of speech that describes one thing by stating it is another to convey meaning. Confidence: high Reasoning: This is a widely accepted literary definition.,A metaphor is a way of describing something by comparing it to something else.
What is kinetic energy?,"Answer: Energy associated with an object's motion, proportional to mass and velocity squared. Confidence: high Reasoning: Physics defines it through motion.",Kinetic energy is the energy something has because it is moving.
What is a renewable resource?,Answer: A natural resource that replenishes faster than it is consumed under normal conditions. Confidence: high Reasoning: This classification is used in environmental studies.,"A renewable resource is something nature can replace quickly, like wind or sunlight."
What causes a rainbow?,"Answer: Sunlight refracts, reflects, and disperses inside water droplets, separating colors into an arc. Confidence: high Reasoning: Optical effects explain the phenomenon.",A rainbow forms when light bends and splits into colors inside raindrops.
What is the purpose of a resume?,"Answer: To present skills, experience, and qualifications in a concise document for potential employers. Confidence: high Reasoning: Resumes serve as professional summaries.",A resume is used to show employers your work history and achievements.
What is an API?,Answer: A set of rules and interfaces that allow software systems to communicate and exchange data. Confidence: high Reasoning: This matches standard development terminology.,An API lets different software components talk to each other using defined rules.
